{
  "kabhi": 1780901455.7178738,
  "android": 1780901473.2356637,
  "like": 1780901491.3623216,
  "notebook": 1780902909.563557,
  "clash": 1780901783.2096503,
  "joiner": 1780901793.7057137,
  "sakta": 1780903057.0677266,
  "hainai": 1780901831.127975,
  "versional": 1780901843.8894067,
  "merak": 1780902161.8904972,
  "those": 1780902168.2936056,
  "helped": 1780902173.9010835,
  "lazed": 1780902931.385598,
  "yese": 1780903130.3724835,
  "basad": 1780903475.3844233,
  "sittings": 1780914181.0577934,
  "classroom": 1780914187.8469112,
  "are": 1780914199.7758749,
  "outdated": 1780914211.288579,
  "jumper": 1781158334.4638357,
  "stronger": 1781157686.5513537,
  "handsome": 1781157727.4100804,
  "editorial": 1781157736.5704741,
  "claudent": 1781157794.8443332,
  "small": 1781158328.9473052,
  "planed": 1781158337.8571196,
  "office": 1781158340.4029934,
  "officaries": 1781158344.663739,
  "opencut": 1781158349.2114172
}